Title                                     , Author       , Published_Year, Translator   , Translation_Year, Chapter  , Average_Sentence_Length, Punctuation_Rate_per_1000_Words                                                                                                                                                                                                                              , Type_Token_Ratio   , Function_Word_Distribution, Paragraph_to_Sentence_Ratio
Demian: The Story of Emil Sinclair's Youth, Hermann Hesse,           1919, Damion Searls,             2013, Chapter 0,      23.5              , "{',': 85.1063829787234, '.': 40.91653027823241, '?': 1.6366612111292964, '--': 16.366612111292962, ""'"": 8.183306055646481, ':': 1.6366612111292964, ';': 9.819967266775777}"                                                                              , 0.44189852700491   ,        0.5646481178396072 ,          4.333333333333333
Demian: The Story of Emil Sinclair's Youth, Hermann Hesse,           1919, Damion Searls,             2013, Chapter 1,      16.79230769230769 , "{'.': 49.167811879676286, ',': 74.66788822721027, '--': 6.41319285387082, ""'"": 18.476103221865934, ';': 4.428156970529852, ':': 2.9012062910367997, '!': 6.2604977859215145, '""': 18.62879828981524, '?': 3.664681630783326, '...': 0.45808520384791573}", 0.22064437318674607,        0.4811421591082608 ,          4.148936170212766
Demian: The Story of Emil Sinclair's Youth, Hermann Hesse,           1919, Damion Searls,             2013, Chapter 2,      14.359477124183007, "{',': 65.69564557730239, '.': 53.55788196024883, ';': 3.793051130329237, '--': 8.34471248672432, ""'"": 27.916856319223182, ':': 4.399939311181915, '""': 24.882415414959794, '?': 8.79987862236383, '!': 6.827492034592627, '...': 0.4551661356395084}"    , 0.1993627674101047 ,        0.4897587619481111 ,          3.7016129032258065
Demian: The Story of Emil Sinclair's Youth, Hermann Hesse,           1919, Damion Searls,             2013, Chapter 3,      18.943342776203966, "{',': 70.88380439659039, '--': 7.028562883206221, '.': 46.35860625093465, ';': 3.888141169433229, '""': 10.168984596979213, ':': 2.542246149244803, ""'"": 17.795723044713625, '?': 2.6917900403768504, '!': 3.888141169433229}"                            , 0.22267085389561836,        0.4908030506953791 ,          5.515625
Demian: The Story of Emil Sinclair's Youth, Hermann Hesse,           1919, Damion Searls,             2013, Chapter 4,      19.432717678100264, "{',': 72.09775967413442, '--': 9.368635437881874, '.': 46.571622539035985, ""'"": 9.23285811269518, '!': 3.258655804480652, ';': 4.344874405974203, '""': 5.974202308214529, '?': 1.629327902240326, ':': 2.715546503733876, '...': 0.27155465037338766}"   , 0.22824168363883232,        0.4858112695179905 ,          4.35632183908046
Demian: The Story of Emil Sinclair's Youth, Hermann Hesse,           1919, Damion Searls,             2013, Chapter 5,      17.110119047619047, "{',': 65.92450861019309, '.': 50.0956688119673, ';': 2.435206122803966, ""'"": 11.132370847103845, ':': 5.914072012523917, '""': 16.002783092711777, '?': 4.000695773177944, '--': 5.218298834579927, '!': 4.000695773177944, '...': 0.5218298834579926}"   , 0.2553487563054444 ,        0.4917376935119151 ,          4.148148148148148
Demian: The Story of Emil Sinclair's Youth, Hermann Hesse,           1919, Damion Searls,             2013, Chapter 6,      14.963906581740977, "{',': 74.06356413166856, '.': 55.47673098751419, '--': 8.229284903518728, ""'"": 19.296254256526673, '""': 22.55959137343927, '!': 6.384790011350738, ':': 3.688989784335982, '?': 4.9659477866061295, '...': 1.1350737797956867, ';': 3.1214528944381383}" , 0.2185017026106697 ,        0.49900681044267875,          4.168141592920354
Demian: The Story of Emil Sinclair's Youth, Hermann Hesse,           1919, Damion Searls,             2013, Chapter 7,      15.030852994555353, "{',': 66.52982371407873, '.': 56.266602269983096, ';': 4.9504950495049505, ""'"": 16.421154310553007, '--': 6.520164211543105, '!': 4.709007486114465, ':': 3.0185945423810674, '?': 5.433470176285921, '""': 22.09611205022941, '...': 0.6037189084762135}", 0.21613136923448442,        0.4820091765274088 ,          3.826388888888889
Demian: The Story of Emil Sinclair's Youth, Hermann Hesse,           1919, Damion Searls,             2013, Chapter 8,      13.163551401869158, "{'--': 7.454739084132056, '.': 61.41285055023074, ',': 73.48242811501598, ';': 3.549875754348598, ""'"": 14.55449059282925, '?': 6.744763933262336, '!': 6.3897763578274756, ':': 3.549875754348598, '""': 17.03940362087327, '...': 2.4849130280440184}"   , 0.31558395456159033,        0.478523251686191  ,          3.4516129032258065
