Title,Author,Published_Year,Translator,Translation_Year,Chapter,Type_Token_Ratio,Average_Sentence_Length,Paragraph_to_Sentence_Ratio,Punctuation_Rate_Period,Punctuation_Rate_Comma,Punctuation_Rate_Exclamation,Punctuation_Rate_Question,Punctuation_Rate_Semicolon,Punctuation_Rate_Colon,Punctuation_Rate_DoubleQuote,Punctuation_Rate_SingleQuote,Punctuation_Rate_Ellipsis,Punctuation_Rate_Dash,Function_Word_Freq_a,Function_Word_Freq_about,Function_Word_Freq_above,Function_Word_Freq_after,Function_Word_Freq_all,Function_Word_Freq_although,Function_Word_Freq_am,Function_Word_Freq_among,Function_Word_Freq_an,Function_Word_Freq_and,Function_Word_Freq_another,Function_Word_Freq_any,Function_Word_Freq_anybody,Function_Word_Freq_anyone,Function_Word_Freq_anything,Function_Word_Freq_are,Function_Word_Freq_around,Function_Word_Freq_as,Function_Word_Freq_at,Function_Word_Freq_be,Function_Word_Freq_because,Function_Word_Freq_before,Function_Word_Freq_behind,Function_Word_Freq_below,Function_Word_Freq_beside,Function_Word_Freq_between,Function_Word_Freq_both,Function_Word_Freq_but,Function_Word_Freq_by,Function_Word_Freq_can,Function_Word_Freq_do,Function_Word_Freq_down,Function_Word_Freq_each,Function_Word_Freq_either,Function_Word_Freq_enough,Function_Word_Freq_every,Function_Word_Freq_everybody,Function_Word_Freq_everyone,Function_Word_Freq_everything,Function_Word_Freq_few,Function_Word_Freq_following,Function_Word_Freq_for,Function_Word_Freq_from,Function_Word_Freq_have,Function_Word_Freq_he,Function_Word_Freq_her,Function_Word_Freq_him,Function_Word_Freq_i,Function_Word_Freq_if,Function_Word_Freq_in,Function_Word_Freq_including,Function_Word_Freq_inside,Function_Word_Freq_into,Function_Word_Freq_is,Function_Word_Freq_it,Function_Word_Freq_its,Function_Word_Freq_latter,Function_Word_Freq_less,Function_Word_Freq_like,Function_Word_Freq_little,Function_Word_Freq_lots,Function_Word_Freq_many,Function_Word_Freq_me,Function_Word_Freq_more,Function_Word_Freq_most,Function_Word_Freq_much,Function_Word_Freq_must,Function_Word_Freq_my,Function_Word_Freq_near,Function_Word_Freq_need,Function_Word_Freq_neither,Function_Word_Freq_no,Function_Word_Freq_nobody,Function_Word_Freq_none,Function_Word_Freq_nor,Function_Word_Freq_nothing,Function_Word_Freq_of,Function_Word_Freq_off,Function_Word_Freq_on,Function_Word_Freq_once,Function_Word_Freq_one,Function_Word_Freq_onto,Function_Word_Freq_opposite,Function_Word_Freq_or,Function_Word_Freq_our,Function_Word_Freq_outside,Function_Word_Freq_over,Function_Word_Freq_own,Function_Word_Freq_past,Function_Word_Freq_per,Function_Word_Freq_plenty,Function_Word_Freq_plus,Function_Word_Freq_regarding,Function_Word_Freq_same,Function_Word_Freq_several,Function_Word_Freq_she,Function_Word_Freq_should,Function_Word_Freq_since,Function_Word_Freq_so,Function_Word_Freq_some,Function_Word_Freq_somebody,Function_Word_Freq_someone,Function_Word_Freq_something,Function_Word_Freq_such,Function_Word_Freq_than,Function_Word_Freq_that,Function_Word_Freq_the,Function_Word_Freq_their,Function_Word_Freq_them,Function_Word_Freq_these,Function_Word_Freq_they,Function_Word_Freq_this,Function_Word_Freq_those,Function_Word_Freq_though,Function_Word_Freq_through,Function_Word_Freq_till,Function_Word_Freq_to,Function_Word_Freq_toward,Function_Word_Freq_towards,Function_Word_Freq_under,Function_Word_Freq_unless,Function_Word_Freq_unlike,Function_Word_Freq_until,Function_Word_Freq_up,Function_Word_Freq_upon,Function_Word_Freq_us,Function_Word_Freq_used,Function_Word_Freq_via,Function_Word_Freq_we,Function_Word_Freq_what,Function_Word_Freq_whatever,Function_Word_Freq_when,Function_Word_Freq_where,Function_Word_Freq_whether,Function_Word_Freq_which,Function_Word_Freq_while,Function_Word_Freq_who,Function_Word_Freq_whoever,Function_Word_Freq_whom,Function_Word_Freq_whose,Function_Word_Freq_will,Function_Word_Freq_with,Function_Word_Freq_within,Function_Word_Freq_without,Function_Word_Freq_worth,Function_Word_Freq_would,Function_Word_Freq_yes,Function_Word_Freq_you,Function_Word_Freq_your
Demian: The Story of Emil Sinclair's Youth,Hermann Hesse,1919,N. H. Priday,1923,Chapter 0,0.4565972222222222,19.862068965517242,4.833333333333333,48.611111111111114,95.4861111111111,0.0,1.736111111111111,5.208333333333333,1.736111111111111,0.0,3.472222222222222,0.0,6.944444444444444,0.03125,0.0,0.0,0.001736111111111111,0.008680555555555556,0.0,0.003472222222222222,0.0,0.005208333333333333,0.029513888888888888,0.003472222222222222,0.006944444444444444,0.0,0.0,0.001736111111111111,0.003472222222222222,0.0,0.008680555555555556,0.001736111111111111,0.005208333333333333,0.001736111111111111,0.0,0.0,0.0,0.0,0.0,0.0,0.012152777777777778,0.001736111111111111,0.006944444444444444,0.003472222222222222,0.001736111111111111,0.010416666666666666,0.0,0.0,0.005208333333333333,0.0,0.010416666666666666,0.0,0.001736111111111111,0.0,0.008680555555555556,0.001736111111111111,0.003472222222222222,0.006944444444444444,0.0,0.001736111111111111,0.017361111111111112,0.006944444444444444,0.024305555555555556,0.0,0.0,0.001736111111111111,0.029513888888888888,0.012152777777777778,0.0,0.0,0.003472222222222222,0.003472222222222222,0.0,0.0,0.005208333333333333,0.0,0.008680555555555556,0.0,0.001736111111111111,0.003472222222222222,0.015625,0.0,0.0,0.0,0.005208333333333333,0.0,0.0,0.0,0.001736111111111111,0.03993055555555555,0.0,0.0,0.0,0.017361111111111112,0.0,0.0,0.003472222222222222,0.001736111111111111,0.0,0.0,0.003472222222222222,0.0,0.0,0.0,0.0,0.0,0.001736111111111111,0.0,0.0,0.001736111111111111,0.0,0.003472222222222222,0.0,0.0,0.0,0.0,0.0,0.006944444444444444,0.015625,0.043402777777777776,0.0,0.0,0.0,0.001736111111111111,0.0,0.001736111111111111,0.0,0.0,0.0,0.036458333333333336,0.0,0.0,0.0,0.0,0.0,0.0,0.0,0.0,0.003472222222222222,0.0,0.0,0.006944444444444444,0.003472222222222222,0.0,0.001736111111111111,0.001736111111111111,0.0,0.003472222222222222,0.0,0.003472222222222222,0.0,0.001736111111111111,0.0,0.003472222222222222,0.006944444444444444,0.0,0.001736111111111111,0.0,0.001736111111111111,0.0,0.0,0.0
Demian: The Story of Emil Sinclair's Youth,Hermann Hesse,1919,N. H. Priday,1923,Chapter 1,0.2290228562662985,16.096296296296295,4.450549450549451,53.075625095873605,73.63092498849517,5.3689216137444395,3.374750728639362,3.6815462494247586,1.3805798435342844,18.40773124712379,13.34560515416475,0.0,4.1417395306028535,0.019481515569872678,0.0010737843227488879,0.00015339776039269826,0.0013805798435342844,0.004601932811780948,0.0006135910415707931,0.0006135910415707931,0.00015339776039269826,0.0026077619266758707,0.0443319527534898,0.0006135910415707931,0.0015339776039269826,0.0,0.00030679552078539653,0.0013805798435342844,0.00015339776039269826,0.0004601932811780948,0.007516490259242215,0.005829114894922534,0.005982512655315232,0.00030679552078539653,0.0012271820831415861,0.0004601932811780948,0.00030679552078539653,0.00030679552078539653,0.0004601932811780948,0.00030679552078539653,0.008743672342383801,0.0033747507286393617,0.0016873753643196808,0.0016873753643196808,0.0016873753643196808,0.0004601932811780948,0.0004601932811780948,0.0007669888019634913,0.0,0.0,0.00030679552078539653,0.0012271820831415861,0.00030679552078539653,0.0,0.00705629697806412,0.004601932811780948,0.00352814848903206,0.009357263383954595,0.0016873753643196808,0.0036815462494247586,0.04770670348212916,0.002914557447461267,0.018867924528301886,0.0,0.00030679552078539653,0.0013805798435342844,0.0019941708851050773,0.014572787237306335,0.0004601932811780948,0.0,0.00015339776039269826,0.0026077619266758707,0.0018407731247123793,0.0,0.0007669888019634913,0.017333946924374902,0.0021475686454977758,0.0007669888019634913,0.0015339776039269826,0.0018407731247123793,0.015339776039269826,0.00030679552078539653,0.0006135910415707931,0.0,0.0042951372909955515,0.0,0.00015339776039269826,0.00030679552078539653,0.0027611596870685687,0.021322288694585058,0.0007669888019634913,0.005215523853351741,0.0007669888019634913,0.004601932811780948,0.0,0.00015339776039269826,0.0036815462494247586,0.002300966405890474,0.00030679552078539653,0.0012271820831415861,0.0004601932811780948,0.0004601932811780948,0.0,0.00015339776039269826,0.0,0.0,0.0007669888019634913,0.00015339776039269826,0.0032213529682466636,0.0010737843227488879,0.0,0.0024543641662831722,0.00030679552078539653,0.0,0.00015339776039269826,0.0016873753643196808,0.0010737843227488879,0.0021475686454977758,0.012578616352201259,0.046786316919772974,0.0006135910415707931,0.0013805798435342844,0.0010737843227488879,0.0010737843227488879,0.003988341770210155,0.00015339776039269826,0.00015339776039269826,0.0021475686454977758,0.0,0.029759165516183465,0.0,0.0,0.0006135910415707931,0.0,0.0,0.00015339776039269826,0.0032213529682466636,0.00030679552078539653,0.0015339776039269826,0.00030679552078539653,0.0,0.0027611596870685687,0.0021475686454977758,0.0,0.0038349440098174566,0.00030679552078539653,0.0006135910415707931,0.0036815462494247586,0.0009203865623561896,0.0021475686454977758,0.0,0.0004601932811780948,0.00030679552078539653,0.0021475686454977758,0.007363092498849517,0.00015339776039269826,0.0013805798435342844,0.0,0.0038349440098174566,0.0010737843227488879,0.00797668354042031,0.0013805798435342844
Demian: The Story of Emil Sinclair's Youth,Hermann Hesse,1919,N. H. Priday,1923,Chapter 2,0.21032161555721765,13.898128898128897,4.008333333333334,55.19820493642484,67.76364996260284,7.180254300673149,9.274495138369483,1.1967090501121915,2.393418100224383,25.430067314884067,16.454749439042633,0.2991772625280479,6.133133881824981,0.024981301421091996,0.0032909498878085264,0.0002991772625280479,0.0007479431563201197,0.0032909498878085264,0.0004487658937920718,0.0004487658937920718,0.0004487658937920718,0.0025430067314884067,0.03051608077786088,0.0010471204188481676,0.0013462976813762154,0.00014958863126402394,0.00014958863126402394,0.0014958863126402393,0.0038893044128646224,0.0,0.009274495138369483,0.005235602094240838,0.004038893044128646,0.0002991772625280479,0.0010471204188481676,0.0007479431563201197,0.0,0.0,0.00014958863126402394,0.00014958863126402394,0.010919970082273748,0.002243829468960359,0.0017950635751682873,0.0035901271503365746,0.0002991772625280479,0.0002991772625280479,0.0002991772625280479,0.0004487658937920718,0.0004487658937920718,0.0,0.00014958863126402394,0.0020942408376963353,0.00014958863126402394,0.0,0.00792819745699327,0.005385190725504862,0.00568436798803291,0.017651458489154823,0.0007479431563201197,0.007329842931937173,0.0387434554973822,0.002842183994016455,0.015108451757666418,0.0,0.00014958863126402394,0.0019446522064323112,0.005385190725504862,0.01555721765145849,0.0004487658937920718,0.0,0.0008975317875841437,0.00493642483171279,0.0013462976813762154,0.0,0.0004487658937920718,0.016155572176514584,0.0058339566192969336,0.0008975317875841437,0.0034405385190725505,0.0008975317875841437,0.011967090501121914,0.00014958863126402394,0.0002991772625280479,0.0,0.00493642483171279,0.0,0.00014958863126402394,0.00014958863126402394,0.0013462976813762154,0.022887060583395662,0.0004487658937920718,0.0058339566192969336,0.0008975317875841437,0.005534779356768885,0.0,0.0,0.002842183994016455,0.0017950635751682873,0.00014958863126402394,0.0013462976813762154,0.0005983545250560958,0.0002991772625280479,0.0,0.0,0.0,0.0,0.0002991772625280479,0.0005983545250560958,0.0008975317875841437,0.002842183994016455,0.0004487658937920718,0.0050860134629768135,0.0004487658937920718,0.0004487658937920718,0.0007479431563201197,0.002692595362752431,0.0011967090501121915,0.0031413612565445027,0.01600598354525056,0.03171278982797308,0.0004487658937920718,0.0008975317875841437,0.0014958863126402393,0.0025430067314884067,0.00568436798803291,0.0004487658937920718,0.00014958863126402394,0.0011967090501121915,0.0,0.025729244577412116,0.0,0.0004487658937920718,0.0002991772625280479,0.0,0.0,0.00014958863126402394,0.0016454749439042632,0.0005983545250560958,0.0010471204188481676,0.0002991772625280479,0.0,0.0029917726252804786,0.0032909498878085264,0.00014958863126402394,0.002243829468960359,0.0004487658937920718,0.0004487658937920718,0.0062827225130890054,0.0005983545250560958,0.0020942408376963353,0.0,0.0008975317875841437,0.00014958863126402394,0.0010471204188481676,0.0074794315632011965,0.00014958863126402394,0.0007479431563201197,0.0,0.0031413612565445027,0.0007479431563201197,0.01406133133881825,0.0013462976813762154
Demian: The Story of Emil Sinclair's Youth,Hermann Hesse,1919,N. H. Priday,1923,Chapter 3,0.2175209427800653,18.485564304461942,5.7727272727272725,48.9848076103933,70.1405651000994,2.1297742439301435,2.555729092716172,2.1297742439301435,0.5679397983813715,9.654976572483317,8.661081925315917,0.0,2.9816839415022005,0.023427516683231578,0.0022717591935254864,0.0001419849495953429,0.0014198494959534289,0.0035496237398835724,0.0002839698991906858,0.0005679397983813716,0.0004259548487860287,0.0028396989919068577,0.029390884566235977,0.001561834445548772,0.0008519096975720574,0.0,0.0002839698991906858,0.0005679397983813716,0.0017038193951441148,0.0005679397983813716,0.011074826068436745,0.004543518387050973,0.004543518387050973,0.0009938946471674003,0.0011358795967627432,0.0005679397983813716,0.0,0.0,0.0005679397983813716,0.0002839698991906858,0.009371006673292631,0.002697714042311515,0.002697714042311515,0.0018458043447394576,0.0002839698991906858,0.0002839698991906858,0.0002839698991906858,0.0009938946471674003,0.0005679397983813716,0.0,0.0007099247479767144,0.0009938946471674003,0.0007099247479767144,0.0001419849495953429,0.00539542808462303,0.00539542808462303,0.004969473235837001,0.016896209001845804,0.0005679397983813716,0.008377112026125231,0.030526764162998724,0.0032656538406928867,0.019451938094561975,0.0,0.0,0.0018458043447394576,0.007525202328553173,0.012068720715604145,0.0001419849495953429,0.0001419849495953429,0.0,0.004117563538264944,0.0009938946471674003,0.0,0.0009938946471674003,0.012920630413176204,0.002697714042311515,0.0014198494959534289,0.0014198494959534289,0.0011358795967627432,0.012920630413176204,0.0,0.0001419849495953429,0.0005679397983813716,0.00440153343745563,0.0,0.0001419849495953429,0.0005679397983813716,0.001561834445548772,0.029816839415022008,0.0005679397983813716,0.0056793979838137155,0.0018458043447394576,0.0029816839415022006,0.0,0.0,0.006673292630981116,0.001561834445548772,0.0001419849495953429,0.0008519096975720574,0.0017038193951441148,0.0004259548487860287,0.0,0.0001419849495953429,0.0,0.0,0.0005679397983813716,0.0008519096975720574,0.0,0.0011358795967627432,0.0005679397983813716,0.002555729092716172,0.0004259548487860287,0.0,0.0004259548487860287,0.003123668891097544,0.0021297742439301435,0.0018458043447394576,0.017322163850631834,0.043873349424960954,0.0008519096975720574,0.0017038193951441148,0.0009938946471674003,0.0028396989919068577,0.006815277580576459,0.0011358795967627432,0.0001419849495953429,0.0014198494959534289,0.0,0.03180462870935681,0.0001419849495953429,0.0005679397983813716,0.0005679397983813716,0.0,0.0,0.0005679397983813716,0.002413744143120829,0.0004259548487860287,0.0021297742439301435,0.0004259548487860287,0.0,0.0032656538406928867,0.0056793979838137155,0.0001419849495953429,0.0028396989919068577,0.0017038193951441148,0.0004259548487860287,0.006247337782195088,0.0004259548487860287,0.002413744143120829,0.0001419849495953429,0.0004259548487860287,0.0004259548487860287,0.0032656538406928867,0.00979696152207866,0.0005679397983813716,0.0009938946471674003,0.0,0.002555729092716172,0.0001419849495953429,0.007525202328553173,0.0008519096975720574
Demian: The Story of Emil Sinclair's Youth,Hermann Hesse,1919,N. H. Priday,1923,Chapter 4,0.22524044710163765,18.14622641509434,4.764044943820225,50.168962828177804,73.43384455419807,2.3394853132310893,1.9495710943592408,3.63919937613725,0.9097998440343125,5.7187418767871065,3.3792565635560177,0.0,4.28905640759033,0.02807382375877307,0.002729399532102937,0.0002599428125812321,0.0016896282817780088,0.003899142188718482,0.0005198856251624642,0.00012997140629061605,0.0002599428125812321,0.002339485313231089,0.0323628801663634,0.0007798284377436964,0.0007798284377436964,0.0,0.0003899142188718482,0.0003899142188718482,0.0012997140629061607,0.00012997140629061605,0.008318170002599427,0.0070184559396932675,0.0029893423446841695,0.0003899142188718482,0.0014296854691967767,0.0002599428125812321,0.0,0.0,0.0005198856251624642,0.0003899142188718482,0.007538341564855732,0.0031193137509747857,0.0006498570314530804,0.0007798284377436964,0.0003899142188718482,0.0010397712503249284,0.00012997140629061605,0.0,0.0,0.0,0.0002599428125812321,0.0015596568754873928,0.0005198856251624642,0.0,0.009877826878086821,0.004029113595009098,0.0028593709383935534,0.005588770470496491,0.0012997140629061607,0.0033792565635560176,0.04743956329607486,0.002729399532102937,0.019885625162464258,0.0,0.0002599428125812321,0.0014296854691967767,0.0015596568754873928,0.016766311411489473,0.00012997140629061605,0.0,0.0005198856251624642,0.002079542500649857,0.0010397712503249284,0.0,0.0005198856251624642,0.016636340005198855,0.003769170782427866,0.0003899142188718482,0.002079542500649857,0.0003899142188718482,0.021705224850532882,0.00012997140629061605,0.00012997140629061605,0.0006498570314530804,0.003899142188718482,0.0,0.0,0.0002599428125812321,0.0006498570314530804,0.0323628801663634,0.0003899142188718482,0.006108656095658955,0.0011697426566155446,0.004548999220171562,0.0,0.00012997140629061605,0.0033792565635560176,0.0012997140629061607,0.0003899142188718482,0.0015596568754873928,0.0007798284377436964,0.0006498570314530804,0.0,0.0,0.0,0.00012997140629061605,0.0010397712503249284,0.0006498570314530804,0.001819599688068625,0.0010397712503249284,0.0007798284377436964,0.004029113595009098,0.0005198856251624642,0.0,0.0006498570314530804,0.001819599688068625,0.0010397712503249284,0.0015596568754873928,0.010007798284377437,0.04795944892123733,0.0009097998440343125,0.0007798284377436964,0.0006498570314530804,0.0015596568754873928,0.005588770470496491,0.0006498570314530804,0.0,0.0011697426566155446,0.0,0.03015336625942293,0.0,0.0005198856251624642,0.0015596568754873928,0.0,0.0,0.0003899142188718482,0.0031193137509747857,0.0010397712503249284,0.0011697426566155446,0.0002599428125812321,0.0,0.001819599688068625,0.0015596568754873928,0.0,0.0025994281258123215,0.0007798284377436964,0.0006498570314530804,0.006888484533402651,0.0007798284377436964,0.002209513906940473,0.0,0.0011697426566155446,0.0005198856251624642,0.0,0.011437483753574213,0.0003899142188718482,0.0009097998440343125,0.0,0.001819599688068625,0.0002599428125812321,0.0024694567195217053,0.0003899142188718482
Demian: The Story of Emil Sinclair's Youth,Hermann Hesse,1919,N. H. Priday,1923,Chapter 5,0.26117247238742564,16.123287671232877,4.451219512195122,55.05522514868309,70.17841971112999,2.8887000849617674,3.908241291418862,2.548853016142736,2.2090059473237043,15.632965165675447,6.287170773152082,0.0,3.2285471537807986,0.026847918436703484,0.0013593882752761257,0.0003398470688190314,0.0016992353440951572,0.003058623619371283,0.0001699235344095157,0.0011894647408666101,0.0,0.0027187765505522514,0.03177570093457944,0.0008496176720475786,0.0006796941376380628,0.0,0.0,0.0011894647408666101,0.0022090059473237043,0.0001699235344095157,0.009855564995751912,0.005267629566694987,0.0032285471537807984,0.0005097706032285472,0.001869158878504673,0.0,0.0,0.0,0.0010195412064570944,0.0003398470688190314,0.009005947323704333,0.005097706032285472,0.0013593882752761257,0.0020390824129141887,0.0013593882752761257,0.0005097706032285472,0.0001699235344095157,0.0003398470688190314,0.0001699235344095157,0.0,0.0001699235344095157,0.0008496176720475786,0.0006796941376380628,0.0001699235344095157,0.004587935429056924,0.0033984706881903144,0.004248088360237893,0.009345794392523364,0.0003398470688190314,0.003058623619371283,0.03687340696686491,0.0028887000849617673,0.020900594732370433,0.0,0.0005097706032285472,0.0033984706881903144,0.006287170773152081,0.013254035683942227,0.0011894647408666101,0.0,0.0001699235344095157,0.001869158878504673,0.0023789294817332203,0.0,0.0011894647408666101,0.01070518266779949,0.0020390824129141887,0.001869158878504673,0.0023789294817332203,0.0010195412064570944,0.014443500424808835,0.0001699235344095157,0.0005097706032285472,0.0001699235344095157,0.0022090059473237043,0.0,0.0003398470688190314,0.0,0.0015293118096856414,0.03194562446898896,0.0003398470688190314,0.005437553101104503,0.0008496176720475786,0.005097706032285472,0.0,0.0001699235344095157,0.004418011894647409,0.0027187765505522514,0.0010195412064570944,0.0015293118096856414,0.001869158878504673,0.0,0.0,0.0,0.0,0.0,0.0016992353440951572,0.0005097706032285472,0.0005097706032285472,0.0016992353440951572,0.0005097706032285472,0.00356839422259983,0.0010195412064570944,0.0,0.0003398470688190314,0.0015293118096856414,0.0011894647408666101,0.0010195412064570944,0.0073067119796091755,0.056074766355140186,0.0008496176720475786,0.002548853016142736,0.0016992353440951572,0.0022090059473237043,0.005777400169923535,0.0010195412064570944,0.0001699235344095157,0.0020390824129141887,0.0001699235344095157,0.026168224299065422,0.0,0.0006796941376380628,0.0001699235344095157,0.0,0.0,0.0006796941376380628,0.0040781648258283775,0.0003398470688190314,0.001869158878504673,0.0005097706032285472,0.0,0.0047578589634664405,0.003058623619371283,0.0001699235344095157,0.0020390824129141887,0.0008496176720475786,0.0006796941376380628,0.007476635514018692,0.0008496176720475786,0.0022090059473237043,0.0005097706032285472,0.0010195412064570944,0.0005097706032285472,0.0020390824129141887,0.008836023789294817,0.0003398470688190314,0.0015293118096856414,0.0001699235344095157,0.0016992353440951572,0.0001699235344095157,0.0076465590484282074,0.0008496176720475786
Demian: The Story of Emil Sinclair's Youth,Hermann Hesse,1919,N. H. Priday,1923,Chapter 6,0.2139096702687725,13.907514450867051,4.552631578947368,62.205597118315325,73.42754225547243,4.57190357439734,4.57190357439734,1.8010529232474368,1.8010529232474368,21.889720144084237,5.40315876974231,0.0,2.493765586034913,0.02258243280687171,0.0012468827930174563,0.0,0.00041562759767248546,0.0042948185092823495,0.00013854253255749516,0.0009697977279024661,0.00041562759767248546,0.0024937655860349127,0.027015793848711556,0.0012468827930174563,0.0008312551953449709,0.00013854253255749516,0.00013854253255749516,0.0012468827930174563,0.0031864782488223884,0.00013854253255749516,0.007481296758104738,0.0038791909116098642,0.005818786367414797,0.0011083402604599613,0.0018010529232474369,0.00013854253255749516,0.0,0.00013854253255749516,0.0005541701302299807,0.00013854253255749516,0.00942089221390967,0.0019395954558049321,0.002632308118592408,0.0033250207813798837,0.0006927126627874758,0.0013854253255749516,0.0002770850651149903,0.00013854253255749516,0.0008312551953449709,0.0,0.0002770850651149903,0.0008312551953449709,0.0008312551953449709,0.0,0.005680243834857301,0.004987531172069825,0.008035466888334718,0.014685508451094486,0.0006927126627874758,0.005957328899972292,0.04377944028816847,0.003463563313937379,0.017871986699916874,0.0,0.00013854253255749516,0.0024937655860349127,0.006650041562759767,0.01828761429758936,0.0006927126627874758,0.0,0.0,0.0022166805209199226,0.0015239678581324466,0.0,0.0002770850651149903,0.016486561374341922,0.0013854253255749516,0.0018010529232474369,0.0009697977279024661,0.003047935716264893,0.013854253255749516,0.0,0.00041562759767248546,0.0005541701302299807,0.005403158769742311,0.0,0.00041562759767248546,0.00041562759767248546,0.002632308118592408,0.02535328345802161,0.00041562759767248546,0.005818786367414797,0.0009697977279024661,0.005957328899972292,0.0,0.0,0.004987531172069825,0.0018010529232474369,0.0002770850651149903,0.0011083402604599613,0.002770850651149903,0.00041562759767248546,0.0,0.0,0.0,0.0,0.0008312551953449709,0.0,0.00013854253255749516,0.0020781379883624274,0.0002770850651149903,0.0033250207813798837,0.0013854253255749516,0.0,0.0002770850651149903,0.0023552230534774174,0.0012468827930174563,0.0013854253255749516,0.01510113604876697,0.03366583541147132,0.0013854253255749516,0.003047935716264893,0.00041562759767248546,0.0033250207813798837,0.003740648379052369,0.0008312551953449709,0.0002770850651149903,0.0018010529232474369,0.0,0.03311166528124134,0.0,0.00041562759767248546,0.0002770850651149903,0.0,0.0,0.0008312551953449709,0.0013854253255749516,0.0002770850651149903,0.0019395954558049321,0.00041562759767248546,0.0,0.0048489886395123305,0.003740648379052369,0.0,0.002632308118592408,0.00041562759767248546,0.0008312551953449709,0.006927126627874758,0.00041562759767248546,0.0019395954558049321,0.00013854253255749516,0.00041562759767248546,0.00041562759767248546,0.0011083402604599613,0.007896924355777223,0.0006927126627874758,0.0008312551953449709,0.0,0.0020781379883624274,0.0009697977279024661,0.014408423385979495,0.0020781379883624274
Demian: The Story of Emil Sinclair's Youth,Hermann Hesse,1919,N. H. Priday,1923,Chapter 7,0.21073985680190932,14.131534569983137,4.176056338028169,61.33651551312649,71.95704057279237,4.41527446300716,5.011933174224344,2.505966587112172,1.431980906921241,21.241050119331742,5.727923627684964,0.0,2.863961813842482,0.023627684964200476,0.0007159904534606205,0.00035799522673031026,0.0009546539379474941,0.004057279236276849,0.00023866348448687351,0.00047732696897374703,0.0,0.0036992840095465395,0.032219570405727926,0.0011933174224343676,0.0011933174224343676,0.0,0.0,0.00023866348448687351,0.002863961813842482,0.00011933174224343676,0.009307875894988066,0.006205250596658711,0.006205250596658711,0.00035799522673031026,0.0013126491646778043,0.0010739856801909309,0.00023866348448687351,0.0,0.0005966587112171838,0.00011933174224343676,0.006921241050119332,0.003341288782816229,0.0005966587112171838,0.0015513126491646777,0.0010739856801909309,0.0007159904534606205,0.00011933174224343676,0.0,0.0008353221957040572,0.0,0.00023866348448687351,0.0013126491646778043,0.0007159904534606205,0.0,0.006801909307875895,0.00477326968973747,0.005250596658711217,0.007517899761336515,0.009427207637231504,0.004176610978520286,0.029713603818615753,0.0021479713603818618,0.018496420047732696,0.0,0.00011933174224343676,0.0031026252983293555,0.006205250596658711,0.013365155131264916,0.0015513126491646777,0.0,0.00011933174224343676,0.003221957040572792,0.001431980906921241,0.0,0.0007159904534606205,0.00954653937947494,0.0020286396181384246,0.00035799522673031026,0.0005966587112171838,0.0013126491646778043,0.009427207637231504,0.0005966587112171838,0.00023866348448687351,0.00023866348448687351,0.004534606205250597,0.0,0.00023866348448687351,0.00023866348448687351,0.0009546539379474941,0.03400954653937947,0.00047732696897374703,0.004534606205250597,0.0016706443914081145,0.004892601431980907,0.0,0.0,0.0038186157517899762,0.002505966587112172,0.00047732696897374703,0.0009546539379474941,0.0009546539379474941,0.0007159904534606205,0.0,0.0,0.0,0.0,0.0011933174224343676,0.00047732696897374703,0.007995226730310263,0.0008353221957040572,0.00023866348448687351,0.0031026252983293555,0.00035799522673031026,0.0,0.00011933174224343676,0.0007159904534606205,0.0008353221957040572,0.0009546539379474941,0.010859188544152744,0.05119331742243437,0.003341288782816229,0.0013126491646778043,0.0015513126491646777,0.0036992840095465395,0.002505966587112172,0.0008353221957040572,0.0,0.0029832935560859188,0.0,0.026014319809069212,0.0,0.00011933174224343676,0.0009546539379474941,0.0,0.0,0.00023866348448687351,0.0036992840095465395,0.0,0.0029832935560859188,0.00035799522673031026,0.0,0.005489260143198091,0.003221957040572792,0.0,0.0036992840095465395,0.0007159904534606205,0.0010739856801909309,0.007040572792362768,0.00011933174224343676,0.003221957040572792,0.0,0.00023866348448687351,0.00023866348448687351,0.004176610978520286,0.007398568019093079,0.00035799522673031026,0.0015513126491646777,0.00011933174224343676,0.0013126491646778043,0.0009546539379474941,0.00918854415274463,0.0010739856801909309
Demian: The Story of Emil Sinclair's Youth,Hermann Hesse,1919,N. H. Priday,1923,Chapter 8,0.3072289156626506,13.28,3.515625,62.91834002677377,74.29718875502007,5.020080321285141,6.358768406961178,1.004016064257028,1.004016064257028,16.064257028112447,5.689424364123159,0.0,5.689424364123159,0.023427041499330656,0.002008032128514056,0.0,0.00033467202141900936,0.002677376171352075,0.0006693440428380187,0.001004016064257028,0.0,0.003681392235609103,0.029785809906291833,0.00033467202141900936,0.00033467202141900936,0.0,0.00033467202141900936,0.0,0.001004016064257028,0.00033467202141900936,0.004350736278447122,0.0050200803212851405,0.008032128514056224,0.0,0.0013386880856760374,0.00033467202141900936,0.0006693440428380187,0.0,0.00033467202141900936,0.00033467202141900936,0.00535475234270415,0.005689424364123159,0.0006693440428380187,0.001004016064257028,0.002008032128514056,0.00033467202141900936,0.001004016064257028,0.0,0.0006693440428380187,0.00033467202141900936,0.00033467202141900936,0.0006693440428380187,0.00033467202141900936,0.0,0.008032128514056224,0.001004016064257028,0.004016064257028112,0.006024096385542169,0.008701472556894244,0.0016733601070950468,0.040160642570281124,0.002008032128514056,0.018406961178045515,0.0,0.00033467202141900936,0.004350736278447122,0.0030120481927710845,0.010374832663989291,0.0013386880856760374,0.0,0.0,0.0016733601070950468,0.00033467202141900936,0.0,0.0030120481927710845,0.013052208835341365,0.002677376171352075,0.0006693440428380187,0.001004016064257028,0.00033467202141900936,0.017737617135207495,0.001004016064257028,0.002008032128514056,0.0,0.005689424364123159,0.0,0.0,0.0,0.0013386880856760374,0.029451137884872823,0.00033467202141900936,0.010040160642570281,0.0006693440428380187,0.003681392235609103,0.0,0.0,0.002677376171352075,0.0,0.0,0.003681392235609103,0.0013386880856760374,0.0,0.0,0.0,0.0,0.0,0.0,0.00033467202141900936,0.004350736278447122,0.0016733601070950468,0.0006693440428380187,0.003681392235609103,0.0,0.0,0.0013386880856760374,0.002008032128514056,0.0006693440428380187,0.00033467202141900936,0.013386880856760375,0.04819277108433735,0.0030120481927710845,0.002008032128514056,0.001004016064257028,0.002677376171352075,0.002008032128514056,0.00033467202141900936,0.0,0.0013386880856760374,0.0,0.0321285140562249,0.0,0.0006693440428380187,0.00033467202141900936,0.0,0.0,0.0006693440428380187,0.0030120481927710845,0.00033467202141900936,0.0016733601070950468,0.0,0.0,0.002677376171352075,0.0033467202141900937,0.0,0.0023427041499330657,0.001004016064257028,0.0,0.006358768406961178,0.0,0.0016733601070950468,0.0,0.0006693440428380187,0.0,0.004685408299866131,0.007697456492637216,0.0,0.0006693440428380187,0.0,0.0033467202141900937,0.0013386880856760374,0.0107095046854083,0.001004016064257028
